cate_url,cate_name
https://www.fahasa.com/sach-trong-nuoc.html/?order=created_at&limit=24&p=1181,Sách Trong Nước
https://www.fahasa.com/foreigncategory.html,FOREIGN BOOKS
https://www.fahasa.com/van-phong-pham/sort-by/created_at.html,VPP - Dụng Cụ Học Sinh
https://www.fahasa.com/do-choi-luu-niem.html,Đồ Chơi
https://www.fahasa.com/lam-dep-suc-khoe.html,Làm Đẹp - Sức Khỏe
https://www.fahasa.com/ready-back-to-school,Sách Giáo Khoa 2025
https://www.fahasa.com/van-phong-pham/sort-by/created_at.html,VPP - DCHS Theo Thương Hiệu
https://www.fahasa.com/do-choi-luu-niem.html?order=created_at&limit=24&p=1,Đồ Chơi Theo Thương Hiệu
https://www.fahasa.com/bach-hoa-t-ng-h-p.html,Bách Hóa Online - Lưu Niệm
