product_url,product_img
https://www.fahasa.com/10-van-cau-hoi-vi-sao-tre-hay-hoi-nhat-thuc-vat-co-the-nguoi-khoa-hoc-tai-ban-2023.html?fhs_campaign=CATEGORY,https://cdn1.fahasa.com/media/catalog/product/9/7/9786043312270_1.jpg
https://www.fahasa.com/ghep-hinh-sieu-nhan-3-tai-ban-2023.html?fhs_campaign=CATEGORY,https://cdn1.fahasa.com/media/catalog/product/9/7/9786043567038_2.jpg
https://www.fahasa.com/to-mau-cong-chua-cong-chua-co-dien-tap-1-tai-ban-2023.html?fhs_campaign=CATEGORY,https://cdn1.fahasa.com/media/catalog/product/i/m/image_222270_1.jpg
https://www.fahasa.com/ghep-hinh-khung-long-6-tai-ban-2023.html?fhs_campaign=CATEGORY,https://cdn1.fahasa.com/media/catalog/product/9/7/9786043564167_1_1.jpg
https://www.fahasa.com/ghep-hinh-khung-long-5-tai-ban-2023.html?fhs_campaign=CATEGORY,https://cdn1.fahasa.com/media/catalog/product/9/7/9786043564150_1_1.jpg
https://www.fahasa.com/ghep-hinh-khung-long-4-tai-ban-2023.html?fhs_campaign=CATEGORY,https://cdn1.fahasa.com/media/catalog/product/9/7/9786043564143_1_1.jpg
https://www.fahasa.com/ghep-hinh-khung-long-2-tai-ban-2023.html?fhs_campaign=CATEGORY,https://cdn1.fahasa.com/media/catalog/product/9/7/9786043564129_1_1.jpg
https://www.fahasa.com/ghep-hinh-khung-long-1-tai-ban-2023.html?fhs_campaign=CATEGORY,https://cdn1.fahasa.com/media/catalog/product/9/7/9786043564112_1.jpg
https://www.fahasa.com/giao-trinh-quan-tri-logistics-dung-cho-nganh-kinh-te-va-quan-tri-kinh-doanh-tai-ban-2023.html?fhs_campaign=CATEGORY,https://cdn1.fahasa.com/media/catalog/product/9/7/9786047936649_1.jpg
https://www.fahasa.com/vuon-bach-thao-sau-nha.html?fhs_campaign=CATEGORY,https://cdn1.fahasa.com/media/catalog/product/b/_/b_a-v_n-b_ch-th_o_1.jpg
https://www.fahasa.com/be-tap-to-mau-giao-thong-duong-thuy-va-hang-khong-tai-ban-2023.html?fhs_campaign=CATEGORY,https://cdn1.fahasa.com/media/catalog/product/i/m/image_237718_1.jpg
https://www.fahasa.com/be-tap-to-mau-nghe-nghiep-tai-ban-2023.html?fhs_campaign=CATEGORY,https://cdn1.fahasa.com/media/catalog/product/i/m/image_237716_1.jpg
https://www.fahasa.com/be-tap-to-mau-khung-long-tai-ban-2023.html?fhs_campaign=CATEGORY,https://cdn1.fahasa.com/media/catalog/product/i/m/image_237715_1.jpg
https://www.fahasa.com/be-tap-to-mau-cu-qua-tai-ban-2023.html?fhs_campaign=CATEGORY,https://cdn1.fahasa.com/media/catalog/product/i/m/image_237713_1.jpg
https://www.fahasa.com/be-tap-to-mau-dong-vat-duoi-nuoc-tai-ban-2023.html?fhs_campaign=CATEGORY,https://cdn1.fahasa.com/media/catalog/product/i/m/image_237710_1.jpg
https://www.fahasa.com/tuyen-chon-de-thi-vao-lop-10-thpt-mon-ngu-van-tai-ban-2023.html?fhs_campaign=CATEGORY,https://cdn1.fahasa.com/media/catalog/product/5/2/52fa01989c0f528de8d9344a4517f325.jpg
https://www.fahasa.com/quang-cao-theo-phong-cach-ogilvy-tai-ban-2023.html?fhs_campaign=CATEGORY,https://cdn1.fahasa.com/media/catalog/product/8/9/8935251420326_1.jpg
https://www.fahasa.com/suc-manh-cua-su-tung-quan-tai-ban-2023.html?fhs_campaign=CATEGORY,https://cdn1.fahasa.com/media/catalog/product/8/9/8935251419962.jpg
https://www.fahasa.com/seriesbook-index-series-id-6698.html?fhs_campaign=CATEGORY,https://cdn1.fahasa.com/media/catalog/product/8/9/8935244865059_thanh_ly.jpg
https://www.fahasa.com/seriesbook-index-series-id-16247.html?fhs_campaign=CATEGORY,https://cdn1.fahasa.com/media/catalog/product/8/9/8935244866940_thanh_ly.jpg
https://www.fahasa.com/my-hero-academia-hoc-vien-sieu-anh-hung-tap-35-ngon-lua-chien-tran.html?fhs_campaign=CATEGORY,https://cdn1.fahasa.com/skin/frontend/ma_vanese/fahasa/images/ring_loader.gif
https://www.fahasa.com/song-toan-tam.html?fhs_campaign=CATEGORY,https://cdn1.fahasa.com/skin/frontend/ma_vanese/fahasa/images/ring_loader.gif
https://www.fahasa.com/ung-dung-tam-ly-hoc-thuc-hanh-tim-viec-trong-mo.html?fhs_campaign=CATEGORY,https://cdn1.fahasa.com/skin/frontend/ma_vanese/fahasa/images/ring_loader.gif
https://www.fahasa.com/toan-thu-nhan-vat-than-thoai-dong-tay.html?fhs_campaign=CATEGORY,https://cdn1.fahasa.com/skin/frontend/ma_vanese/fahasa/images/ring_loader.gif
