cate_name,cate_url
Bánh AFC & Kẹo Choco,https://banhkinhdo.com.vn/danh-muc-san-pham/banh-afc-keo-choco/
Bánh Ăn Chay - Ăn Kiêng,https://banhkinhdo.com.vn/danh-muc-san-pham/banh-an-chay-an-kieng/
Bánh Cosy,https://banhkinhdo.com.vn/danh-muc-san-pham/banh-quy-cosy/
Bánh Dẻo,https://banhkinhdo.com.vn/danh-muc-san-pham/banh-deo/
Bánh Lu,https://banhkinhdo.com.vn/danh-muc-san-pham/banh-quy-lu/
Bánh Nướng,https://banhkinhdo.com.vn/danh-muc-san-pham/banh-nuong/
Bánh Oreo,https://banhkinhdo.com.vn/danh-muc-san-pham/banh-oreo/
Bánh Solite,https://banhkinhdo.com.vn/danh-muc-san-pham/banh-bong-lan-solite/
Bánh Trung Thu Hiện Đại,https://banhkinhdo.com.vn/danh-muc-san-pham/banh-trung-thu-hien-dai/
Bánh Trung Thu KIDO's,https://banhkinhdo.com.vn/danh-muc-san-pham/banh-kido/
Bánh Trung Thu Oreo,https://banhkinhdo.com.vn/danh-muc-san-pham/oreo-banh-trung-thu/
Hộp 2 Bánh,https://banhkinhdo.com.vn/danh-muc-san-pham/hop-2-banh/
Hộp 4 Bánh,https://banhkinhdo.com.vn/danh-muc-san-pham/hop-4-banh/
Hộp quà tết 2025,https://banhkinhdo.com.vn/danh-muc-san-pham/hop-qua-tet-2025/
Lava bánh trung thu,https://banhkinhdo.com.vn/danh-muc-san-pham/lava-banh-trung-thu/
Sản phẩm mới 2024,https://banhkinhdo.com.vn/danh-muc-san-pham/san-pham-moi-2024/
Thiếu nhi,https://banhkinhdo.com.vn/danh-muc-san-pham/thieu-nhi/
Thu Tuyết,https://banhkinhdo.com.vn/danh-muc-san-pham/thu-tuyet/
Trăng vàng,https://banhkinhdo.com.vn/danh-muc-san-pham/trang-vang/
Trăng Vàng Black & Gold,https://banhkinhdo.com.vn/danh-muc-san-pham/trang-vang-black-gold/
